iterations	threads	time in ns	matrix size	GMAC/s
0	single.1	2492100.0	150	1.3542795232936078
0	multi.12	1489500.0	150	2.2658610271903323
1	single.1	3496100.0	150	0.9653614027058722
1	multi.12	493800.0	150	6.834750911300121
2	single.1	2509200.0	150	1.3450502152080344
2	multi.12	488300.0	150	6.911734589391767
3	single.1	2976100.0	150	1.1340344746480293
3	multi.12	496400.0	150	6.798952457695407
4	single.1	2975700.0	150	1.1341869140034277
4	multi.12	496400.0	150	6.798952457695407
5	single.1	2975800.0	150	1.1341488003226023
5	multi.12	496400.0	150	6.798952457695407
6	single.1	2478400.0	150	1.361765655261459
6	multi.12	496500.0	150	6.7975830815709966
7	single.1	2976400.0	150	1.1339201720198897
7	multi.12	992000.0	150	3.402217741935484
8	single.1	2976100.0	150	1.1340344746480293
8	multi.12	496200.0	150	6.801692865779928
9	single.1	2975900.0	150	1.1341106892032662
9	multi.12	496100.0	150	6.803063898407579
10	single.1	2479500.0	150	1.3611615245009074
10	multi.12	496000.0	150	6.804435483870968
11	single.1	2479700.0	150	1.3610517401298545
11	multi.12	1983400.0	150	1.7016234748411818
12	single.1	2976000.0	150	1.1340725806451613
12	multi.12	496500.0	150	6.7975830815709966
13	single.1	2479100.0	150	1.3613811463837684
13	multi.12	496300.0	150	6.800322385653838
14	single.1	2976000.0	150	1.1340725806451613
14	multi.12	496200.0	150	6.801692865779928
15	single.1	2976500.0	150	1.1338820762640685
15	multi.12	496000.0	150	6.804435483870968
16	single.1	2975800.0	150	1.1341488003226023
16	multi.12	496300.0	150	6.800322385653838
17	single.1	2976200.0	150	1.1339963712116121
17	multi.12	991800.0	150	3.4029038112522687
18	single.1	2976100.0	150	1.1340344746480293
18	multi.12	496600.0	150	6.796214256947241
19	single.1	2479800.0	150	1.3609968545850473
19	multi.12	496000.0	150	6.804435483870968
0	single.1	4985400.0	175	1.075014040999719
0	multi.12	496200.0	175	10.80083635630794
1	single.1	4489900.0	175	1.193651306265173
1	multi.12	496100.0	175	10.803013505341665
2	single.1	4487400.0	175	1.1943163078842982
2	multi.12	991700.0	175	5.404230109912272
3	single.1	4463800.0	175	1.2006306286123931
3	multi.12	496300.0	175	10.798660084626235
4	single.1	4464400.0	175	1.2004692679867395
4	multi.12	991900.0	175	5.403140437544107
5	single.1	4464100.0	175	1.2005499428776236
5	multi.12	496500.0	175	10.794310171198388
6	single.1	4463700.0	175	1.2006575262674464
6	multi.12	495800.0	175	10.809550221863654
7	single.1	4464500.0	175	1.2004423787658192
7	multi.12	991700.0	175	5.404230109912272
8	single.1	4462400.0	175	1.2010073054858372
8	multi.12	496300.0	175	10.798660084626235
9	single.1	4462100.0	175	1.2010880527106071
9	multi.12	991800.0	175	5.403685218794112
10	single.1	4463700.0	175	1.2006575262674464
10	multi.12	496600.0	175	10.792136528393073
11	single.1	4464300.0	175	1.200496158412293
11	multi.12	495800.0	175	10.809550221863654
12	single.1	4464100.0	175	1.2005499428776236
12	multi.12	992200.0	175	5.401506752670833
13	single.1	4463800.0	175	1.2006306286123931
13	multi.12	496100.0	175	10.803013505341665
14	single.1	4463800.0	175	1.2006306286123931
14	multi.12	495300.0	175	10.820462346052897
15	single.1	4463600.0	175	1.2006844251276996
15	multi.12	496200.0	175	10.80083635630794
16	single.1	4463500.0	175	1.200711325193234
16	multi.12	31744000.0	175	0.16883111769153225
17	single.1	4464000.0	175	1.2005768369175627
17	multi.12	496100.0	175	10.803013505341665
18	single.1	4464000.0	175	1.2005768369175627
18	multi.12	496300.0	175	10.798660084626235
19	single.1	4463800.0	175	1.2006306286123931
19	multi.12	991700.0	175	5.404230109912272
0	single.1	6477600.0	200	1.2350253180190194
0	multi.12	1489200.0	200	5.372011818426
1	single.1	6449300.0	200	1.2404446994247438
1	multi.12	1489300.0	200	5.371651111260324
2	single.1	6462000.0	200	1.2380068090374496
2	multi.12	1484500.0	200	5.3890198720107785
3	single.1	6979700.0	200	1.1461810679542102
3	multi.12	496000.0	200	16.129032258064516
4	single.1	6944000.0	200	1.152073732718894
4	multi.12	495700.0	200	16.13879362517652
5	single.1	6944000.0	200	1.152073732718894
5	multi.12	992200.0	200	8.062890546260835
6	single.1	6943700.0	200	1.152123507640019
6	multi.12	496300.0	200	16.11928269192021
7	single.1	6943700.0	200	1.152123507640019
7	multi.12	992400.0	200	8.061265618702135
8	single.1	6943300.0	200	1.152189880892371
8	multi.12	496200.0	200	16.12253123740427
9	single.1	6943700.0	200	1.152123507640019
9	multi.12	495800.0	200	16.135538523598225
10	single.1	6447200.0	200	1.2408487405385284
10	multi.12	992200.0	200	8.062890546260835
11	single.1	6944400.0	200	1.1520073728471862
11	multi.12	992400.0	200	8.061265618702135
12	single.1	6943600.0	200	1.1521401002361886
12	multi.12	992000.0	200	8.064516129032258
13	single.1	6943700.0	200	1.152123507640019
13	multi.12	992100.0	200	8.06370325572019
14	single.1	6944100.0	200	1.152057142034245
14	multi.12	496000.0	200	16.129032258064516
15	single.1	6944000.0	200	1.152073732718894
15	multi.12	992400.0	200	8.061265618702135
16	single.1	6944300.0	200	1.1520239620984116
16	multi.12	32239700.0	200	0.24814126682320245
17	single.1	6944200.0	200	1.1520405518274244
17	multi.12	992300.0	200	8.062078000604656
18	single.1	6944100.0	200	1.152057142034245
18	multi.12	992400.0	200	8.061265618702135
19	single.1	6943700.0	200	1.152123507640019
19	multi.12	992300.0	200	8.062078000604656
0	single.1	9452000.0	225	1.2051020947947524
0	multi.12	1955400.0	225	5.825214789812826
1	single.1	9905100.0	225	1.149975770057849
1	multi.12	1471800.0	225	7.739247859763555
2	single.1	9952000.0	225	1.1445563705787782
2	multi.12	1984200.0	225	5.7406637435742365
3	single.1	9409200.0	225	1.2105837903328658
3	multi.12	992300.0	225	11.479013403204677
4	single.1	9920000.0	225	1.1482484879032258
4	multi.12	991300.0	225	11.490593160496317
5	single.1	9919500.0	225	1.1483063662482988
5	multi.12	991400.0	225	11.489434133548517
6	single.1	9919600.0	225	1.1482947901125045
6	multi.12	991400.0	225	11.489434133548517
7	single.1	9920600.0	225	1.1481790415902264
7	multi.12	32239800.0	225	0.35330941879292055
8	single.1	9920200.0	225	1.1482253381988266
8	multi.12	991700.0	225	11.485958455177977
9	single.1	9920000.0	225	1.1482484879032258
9	multi.12	992200.0	225	11.48017032856279
10	single.1	9919700.0	225	1.1482832142101072
10	multi.12	991400.0	225	11.489434133548517
11	single.1	9920100.0	225	1.1482369129343455
11	multi.12	989900.0	225	11.506844125669259
12	single.1	9918700.0	225	1.1483989837377881
12	multi.12	32736100.0	225	0.3479530243370469
13	single.1	10415900.0	225	1.0935804875238817
13	multi.12	1983600.0	225	5.742400181488203
14	single.1	9919700.0	225	1.1482832142101072
14	multi.12	992200.0	225	11.48017032856279
15	single.1	9920000.0	225	1.1482484879032258
15	multi.12	1487100.0	225	7.6596227556990115
16	single.1	9919600.0	225	1.1482947901125045
16	multi.12	1983900.0	225	5.7415318312414945
17	single.1	9918700.0	225	1.1483989837377881
17	multi.12	991400.0	225	11.489434133548517
18	single.1	9920000.0	225	1.1482484879032258
18	multi.12	991400.0	225	11.489434133548517
19	single.1	9920100.0	225	1.1482369129343455
19	multi.12	991000.0	225	11.49407164480323
0	single.1	13412900.0	250	1.1649233200873785
0	multi.12	1955700.0	250	7.989466687119702
1	single.1	13917100.0	250	1.122719532086426
1	multi.12	1487000.0	250	10.50773369199731
2	single.1	13420700.0	250	1.16424627627471
2	multi.12	1488200.0	250	10.499260852036016
3	single.1	13887700.0	250	1.1250963082439858
3	multi.12	1487700.0	250	10.502789540902064
4	single.1	14384100.0	250	1.0862688663176703
4	multi.12	1487500.0	250	10.504201680672269
5	single.1	14880100.0	250	1.0500601474452456
5	multi.12	2480100.0	250	6.300149187532761
6	single.1	14384000.0	250	1.0862764182424915
6	multi.12	1487200.0	250	10.506320602474448
7	single.1	16862500.0	250	0.9266123054114158
7	multi.12	3471900.0	250	4.500417638756876
8	single.1	13887900.0	250	1.125080105703526
8	multi.12	2480000.0	250	6.300403225806452
9	single.1	13888100.0	250	1.125063903629726
9	multi.12	1983900.0	250	7.875901003074752
10	single.1	13391100.0	250	1.1668197534183151
10	multi.12	1487800.0	250	10.502083613388896
11	single.1	13888100.0	250	1.125063903629726
11	multi.12	2975900.0	250	5.250512450015122
12	single.1	13888100.0	250	1.125063903629726
12	multi.12	1983700.0	250	7.87669506477794
13	single.1	13888000.0	250	1.125072004608295
13	multi.12	2480000.0	250	6.300403225806452
14	single.1	13887700.0	250	1.1250963082439858
14	multi.12	1984100.0	250	7.87510710145658
15	single.1	13392000.0	250	1.166741338112306
15	multi.12	1488100.0	250	10.49996640010752
16	single.1	13887700.0	250	1.1250963082439858
16	multi.12	1984200.0	250	7.874710210664247
17	single.1	13392000.0	250	1.166741338112306
17	multi.12	32736000.0	250	0.47730327468230693
18	single.1	13391800.0	250	1.1667587628250122
18	multi.12	1488000.0	250	10.500672043010752
19	single.1	17857100.0	250	0.87500210000504
19	multi.12	2975200.0	250	5.251747781661737
0	single.1	17857300.0	275	1.1646147513901877
0	multi.12	2481200.0	275	8.38178099306787
1	single.1	18876700.0	275	1.1017219641144904
1	multi.12	2481200.0	275	8.38178099306787
2	single.1	18352100.0	275	1.1332149999182655
2	multi.12	1983900.0	275	10.482824235092494
3	single.1	18352100.0	275	1.1332149999182655
3	multi.12	1984000.0	275	10.482295866935484
4	single.1	18352100.0	275	1.1332149999182655
4	multi.12	1983900.0	275	10.482824235092494
5	single.1	18352700.0	275	1.1331779520179592
5	multi.12	1983500.0	275	10.484938240483993
6	single.1	18352000.0	275	1.133221174803836
6	multi.12	33231900.0	275	0.6258105916303311
7	single.1	18352100.0	275	1.1332149999182655
7	multi.12	1984000.0	275	10.482295866935484
8	single.1	18351700.0	275	1.1332396998643177
8	multi.12	33231700.0	275	0.6258143579774733
9	single.1	18352100.0	275	1.1332149999182655
9	multi.12	1983900.0	275	10.482824235092494
10	single.1	18352000.0	275	1.133221174803836
10	multi.12	1983600.0	275	10.484409659205484
11	single.1	18352000.0	275	1.133221174803836
11	multi.12	1983900.0	275	10.482824235092494
12	single.1	18352100.0	275	1.1332149999182655
12	multi.12	1984200.0	275	10.481239290394113
13	single.1	18352100.0	275	1.1332149999182655
13	multi.12	1983600.0	275	10.484409659205484
14	single.1	18352000.0	275	1.133221174803836
14	multi.12	2479300.0	275	8.388204331867867
15	single.1	18352100.0	275	1.1332149999182655
15	multi.12	2479900.0	275	8.386174845759909
16	single.1	18848200.0	275	1.1033878566653579
16	multi.12	1983900.0	275	10.482824235092494
17	single.1	18351800.0	275	1.1332335247768612
17	multi.12	2976100.0	275	6.987962434057995
18	single.1	18352000.0	275	1.133221174803836
18	multi.12	1984000.0	275	10.482295866935484
19	single.1	18351900.0	275	1.133227349756701
19	multi.12	1983800.0	275	10.483352656517795
0	single.1	23338700.0	300	1.1568767754844957
0	multi.12	2975100.0	300	9.075325199152969
1	single.1	23311700.0	300	1.1582166894735262
1	multi.12	2977200.0	300	9.068923821039903
2	single.1	23808000.0	300	1.1340725806451613
2	multi.12	2976500.0	300	9.071056610112548
3	single.1	24304100.0	300	1.1109236713147164
3	multi.12	2976100.0	300	9.072275797184234
4	single.1	23807600.0	300	1.134091634604076
4	multi.12	2976100.0	300	9.072275797184234
5	single.1	23808200.0	300	1.1340630539057972
5	multi.12	3471800.0	300	7.7769456765942735
6	single.1	23807800.0	300	1.1340821075445862
6	multi.12	3968100.0	300	6.804264005443411
7	single.1	23808100.0	300	1.134067817255472
7	multi.12	2976300.0	300	9.071666162685213
8	single.1	23807900.0	300	1.134077344074866
8	multi.12	2976000.0	300	9.07258064516129
9	single.1	23808000.0	300	1.1340725806451613
9	multi.12	2976100.0	300	9.072275797184234
10	single.1	23809100.0	300	1.134020185559303
10	multi.12	34222700.0	300	0.78895002439901
11	single.1	23808100.0	300	1.134067817255472
11	multi.12	2976100.0	300	9.072275797184234
12	single.1	23808500.0	300	1.1340487640968562
12	multi.12	2975500.0	300	9.074105192404637
13	single.1	23807200.0	300	1.1341106892032662
13	multi.12	2976000.0	300	9.07258064516129
14	single.1	23807900.0	300	1.134077344074866
14	multi.12	2479700.0	300	10.888413921038836
15	single.1	23808100.0	300	1.134067817255472
15	multi.12	2976000.0	300	9.07258064516129
16	single.1	23808000.0	300	1.1340725806451613
16	multi.12	4464000.0	300	6.048387096774194
17	single.1	23808000.0	300	1.1340725806451613
17	multi.12	2976100.0	300	9.072275797184234
18	single.1	23808000.0	300	1.1340725806451613
18	multi.12	2479600.0	300	10.888853040813034
19	single.1	23808100.0	300	1.134067817255472
19	multi.12	22319900.0	300	1.2096828390808203
0	single.1	29775500.0	325	1.1528983560309651
0	multi.12	3967500.0	325	8.652331442974164
1	single.1	30245500.0	325	1.1349828900166967
1	multi.12	5951900.0	325	5.767591021354526
2	single.1	32277500.0	325	1.063531097513748
2	multi.12	3967200.0	325	8.652985733010688
3	single.1	31283900.0	325	1.0973096385041508
3	multi.12	3934500.0	325	8.724901512263312
4	single.1	31777300.0	325	1.0802719236687823
4	multi.12	3966900.0	325	8.65364012200963
5	single.1	31773500.0	325	1.0804011204305475
5	multi.12	6447200.0	325	5.324501333912396
6	single.1	30520600.0	325	1.124752626095162
6	multi.12	3968000.0	325	8.651241179435484
7	single.1	30752100.0	325	1.1162855544824581
7	multi.12	3968000.0	325	8.651241179435484
8	single.1	31744300.0	325	1.0813949275933001
8	multi.12	4464000.0	325	7.689992159498208
9	single.1	31248000.0	325	1.098570308499744
9	multi.12	3967500.0	325	8.652331442974164
10	single.1	32239800.0	325	1.0647747504637126
10	multi.12	3968000.0	325	8.651241179435484
11	single.1	30280900.0	325	1.1336560340016313
11	multi.12	3969400.0	325	8.648189902756084
12	single.1	30257000.0	325	1.1345515087417788
12	multi.12	4464100.0	325	7.689819896507695
13	single.1	30751800.0	325	1.1162964444357728
13	multi.12	4463400.0	325	7.691025899538468
14	single.1	30255700.0	325	1.1346002571416296
14	multi.12	4463500.0	325	7.690853590231881
15	single.1	31247400.0	325	1.0985914028047135
15	multi.12	3968100.0	325	8.651023159698596
16	single.1	30256000.0	325	1.1345890071390798
16	multi.12	3967900.0	325	8.651459210161546
17	single.1	32239200.0	325	1.0647945668627012
17	multi.12	3968100.0	325	8.651023159698596
18	single.1	30256100.0	325	1.1345852571878068
18	multi.12	3471600.0	325	9.88827197833852
19	single.1	30752100.0	325	1.1162855544824581
19	multi.12	3968000.0	325	8.651241179435484
0	single.1	37725200.0	350	1.1365082226204235
0	multi.12	4961300.0	350	8.641888214782416
1	single.1	38222000.0	350	1.1217361728847262
1	multi.12	5953500.0	350	7.20164609053498
2	single.1	38220900.0	350	1.121768456525095
2	multi.12	4930900.0	350	8.695167210854002
3	single.1	38192300.0	350	1.1226084839090602
3	multi.12	4463700.0	350	9.605260210139571
4	single.1	38688400.0	350	1.1082133145852504
4	multi.12	7910200.0	350	5.420216935096458
5	single.1	38716800.0	350	1.1074004049921482
5	multi.12	5423900.0	350	7.904828628846402
6	single.1	41663700.0	350	1.0290732700168252
6	multi.12	4464100.0	350	9.604399543020989
7	single.1	38191400.0	350	1.1226349387558456
7	multi.12	4464000.0	350	9.604614695340501
8	single.1	38191900.0	350	1.1226202414648132
8	multi.12	4464100.0	350	9.604399543020989
9	single.1	38191800.0	350	1.1226231808922333
9	multi.12	4464000.0	350	9.604614695340501
10	single.1	38687800.0	350	1.1082305016051572
10	multi.12	4464000.0	350	9.604614695340501
11	single.1	40175800.0	350	1.067184723141792
11	multi.12	4464100.0	350	9.604399543020989
12	single.1	37695600.0	350	1.137400651534927
12	multi.12	4464000.0	350	9.604614695340501
13	single.1	39680000.0	350	1.0805191532258065
13	multi.12	4463700.0	350	9.605260210139571
14	single.1	38192100.0	350	1.1226143626561513
14	multi.12	4464200.0	350	9.604184400340486
15	single.1	38192100.0	350	1.1226143626561513
15	multi.12	4959700.0	350	8.644676089279594
16	single.1	38191900.0	350	1.1226202414648132
16	multi.12	4463500.0	350	9.605690601545872
17	single.1	39182700.0	350	1.0942329140156242
17	multi.12	5456100.0	350	7.8581770861971005
18	single.1	38687800.0	350	1.1082305016051572
18	multi.12	4462500.0	350	9.607843137254902
19	single.1	38191700.0	350	1.1226261203350467
19	multi.12	3967900.0	350	10.805463847375187
0	single.1	47151600.0	375	1.1184005420812868
0	multi.12	5934600.0	375	8.885919017288444
1	single.1	46157900.0	375	1.1424777773685544
1	multi.12	5953300.0	375	8.858007323669225
2	single.1	46154800.0	375	1.1425545122067478
2	multi.12	5937300.0	375	8.8818781264211
3	single.1	46154000.0	375	1.1425743164189452
3	multi.12	5941900.0	375	8.875002103704203
4	single.1	46149700.0	375	1.1426807758230282
4	multi.12	5951300.0	375	8.860984154722498
5	single.1	46651800.0	375	1.1303824289738016
5	multi.12	5953400.0	375	8.857858534618874
6	single.1	46156200.0	375	1.1425198564873191
6	multi.12	6450200.0	375	8.175618585470218
7	single.1	46158600.0	375	1.142460451573488
7	multi.12	5454100.0	375	9.668758365266497
8	single.1	46653300.0	375	1.1303460848428728
8	multi.12	5953200.0	375	8.858156117718202
9	single.1	46156800.0	375	1.1425050046797005
9	multi.12	10910500.0	375	4.833360065991476
10	single.1	47147700.0	375	1.1184930548043701
10	multi.12	5950800.0	375	8.861728675136115
11	single.1	49632600.0	375	1.0624947111374379
11	multi.12	5454300.0	375	9.668403828172268
12	single.1	47616900.0	375	1.1074718219791713
12	multi.12	5943600.0	375	8.872463658388856
13	single.1	50133400.0	375	1.0518810812751578
13	multi.12	16367100.0	375	3.221974265447147
14	single.1	47644000.0	375	1.1068418898497188
14	multi.12	5950100.0	375	8.862771213929177
15	single.1	47150700.0	375	1.1184218898128766
15	multi.12	5951000.0	375	8.861430851957655
16	single.1	47616500.0	375	1.1074811252402004
16	multi.12	5951600.0	375	8.86053750252033
17	single.1	47120200.0	375	1.1191458228105993
17	multi.12	5456000.0	375	9.665391312316716
18	single.1	47617000.0	375	1.107469496188336
18	multi.12	5951200.0	375	8.861133048796882
19	single.1	47121800.0	375	1.1191078227062634
19	multi.12	5455500.0	375	9.666277151498488
0	single.1	57041200.0	400	1.1219960309390407
0	multi.12	6449400.0	400	9.923403727478526
1	single.1	56574100.0	400	1.1312597107156808
1	multi.12	6442000.0	400	9.934802856255821
2	single.1	60539100.0	400	1.0571680120781446
2	multi.12	6446600.0	400	9.927713833648745
3	single.1	59552700.0	400	1.0746783940946423
3	multi.12	6447900.0	400	9.925712247398378
4	single.1	60539900.0	400	1.0571540422101788
4	multi.12	6943100.0	400	9.217784563091415
5	single.1	61529900.0	400	1.0401447101327972
5	multi.12	36206800.0	400	1.767623761282411
6	single.1	60049000.0	400	1.0657962663824543
6	multi.12	6938800.0	400	9.223496858246383
7	single.1	60043700.0	400	1.065890343200036
7	multi.12	6945400.0	400	9.214732052869525
8	single.1	59554400.0	400	1.0746477170452562
8	multi.12	6447700.0	400	9.92602013120958
9	single.1	57067200.0	400	1.1214848459360194
9	multi.12	11407800.0	400	5.610196532197269
10	single.1	60049200.0	400	1.0657927166390226
10	multi.12	6940000.0	400	9.221902017291066
11	single.1	56573200.0	400	1.1312777074657259
11	multi.12	43153100.0	400	1.483091597127437
12	single.1	57567200.0	400	1.1117441876624188
12	multi.12	6943900.0	400	9.216722591051138
13	single.1	57038400.0	400	1.1220511094280345
13	multi.12	6944100.0	400	9.21645713627396
14	single.1	57564400.0	400	1.11179826420496
14	multi.12	6447400.0	400	9.92648199274126
15	single.1	57041900.0	400	1.1219822621616742
15	multi.12	7935400.0	400	8.065125891574464
16	single.1	57564400.0	400	1.11179826420496
16	multi.12	32735400.0	400	1.9550700464940096
17	single.1	57536200.0	400	1.1123431856813624
17	multi.12	6938500.0	400	9.223895654680407
18	single.1	58562800.0	400	1.092843921397201
18	multi.12	6406600.0	400	9.989698123809822
19	single.1	59547500.0	400	1.074772240648222
19	multi.12	6897900.0	400	9.278186114614593
0	single.1	68974400.0	425	1.1129582134821034
0	multi.12	8420100.0	425	9.116949323642237
1	single.1	68476300.0	425	1.1210539266870436
1	multi.12	8430500.0	425	9.105702508747997
2	single.1	67469700.0	425	1.137779254984089
2	multi.12	8426900.0	425	9.109592495460964
3	single.1	67479900.0	425	1.1376072726841622
3	multi.12	8431600.0	425	9.104514564258267
4	single.1	70955800.0	425	1.081879493994853
4	multi.12	8433400.0	425	9.102571323546849
5	single.1	67945500.0	425	1.129811760896601
5	multi.12	7933900.0	425	9.675648167988001
6	single.1	67483400.0	425	1.1375482711303817
6	multi.12	7935100.0	425	9.674184950410202
7	single.1	70939400.0	425	1.0821296063964454
7	multi.12	8415900.0	425	9.121499186064474
8	single.1	70943300.0	425	1.0820701179674472
8	multi.12	8431400.0	425	9.1047305311099
9	single.1	71453000.0	425	1.074351321847928
9	multi.12	8433400.0	425	9.102571323546849
10	single.1	75915300.0	425	1.0112009700284397
10	multi.12	34210300.0	425	2.2439331137113676
11	single.1	69934700.0	425	1.0976757603879048
11	multi.12	14384200.0	425	5.336801838127946
12	single.1	71921000.0	425	1.0673603676255892
12	multi.12	8431700.0	425	9.104406584674502
13	single.1	66985500.0	425	1.1460036127221562
13	multi.12	8432000.0	425	9.104082661290322
14	single.1	67483800.0	425	1.137541528485355
14	multi.12	8927900.0	425	8.598396599424277
15	single.1	67489100.0	425	1.1374521959842405
15	multi.12	8433400.0	425	9.102571323546849
16	single.1	67979800.0	425	1.1292417012112421
16	multi.12	8431300.0	425	9.10483851837795
17	single.1	67981400.0	425	1.1292151235485
17	multi.12	8433400.0	425	9.102571323546849
18	single.1	67482000.0	425	1.1375718710174565
18	multi.12	64965500.0	425	1.1816367918356667
19	single.1	70957200.0	425	1.08185814829221
19	multi.12	8432100.0	425	9.103974691950997
0	single.1	79858600.0	450	1.1410793577648495
0	multi.12	9921400.0	450	9.184691676577902
1	single.1	80379400.0	450	1.1336859941726363
1	multi.12	9423500.0	450	9.669974001167294
2	single.1	80578000.0	450	1.130891806696617
2	multi.12	9919400.0	450	9.186543540939976
3	single.1	82325100.0	450	1.1068920657247912
3	multi.12	9409900.0	450	9.683949882570484
4	single.1	80379500.0	450	1.1336845837558085
4	multi.12	32233500.0	450	2.827027781655731
5	single.1	80877800.0	450	1.1266997865916235
5	multi.12	9423300.0	450	9.670179236573174
6	single.1	79880700.0	450	1.1407636638136622
6	multi.12	9920000.0	450	9.185987903225806
7	single.1	79883900.0	450	1.1407179669495355
7	multi.12	9406300.0	450	9.687656145349393
8	single.1	79883400.0	450	1.140725106843224
8	multi.12	10903100.0	450	8.357714778365786
9	single.1	79387500.0	450	1.1478507321681626
9	multi.12	9415900.0	450	9.677779075818561
10	single.1	79874500.0	450	1.1408522119074298
10	multi.12	9892300.0	450	9.211710117970544
11	single.1	80380200.0	450	1.1336747109362753
11	multi.12	9915000.0	450	9.190620272314675
12	single.1	81867200.0	450	1.113083139523521
12	multi.12	9887400.0	450	9.216275259421082
13	single.1	80380500.0	450	1.1336704797805437
13	multi.12	9899000.0	450	9.205475300535408
14	single.1	80379100.0	450	1.1336902254441763
14	multi.12	9423000.0	450	9.670487106017193
15	single.1	80381400.0	450	1.1336577865028477
15	multi.12	10414600.0	450	8.749735947612006
16	single.1	80377200.0	450	1.133717024230752
16	multi.12	9410500.0	450	9.683332447797673
17	single.1	80371100.0	450	1.1338030710043785
17	multi.12	9421600.0	450	9.671924089326653
18	single.1	80378900.0	450	1.133693046309417
18	multi.12	9422600.0	450	9.670897629104493
19	single.1	81367300.0	450	1.119921639282611
19	multi.12	13889300.0	450	6.560805800148316
0	single.1	94242100.0	475	1.1371974414831587
0	multi.12	12401200.0	475	8.642056817082217
1	single.1	94765100.0	475	1.130921351847885
1	multi.12	11888600.0	475	9.014675823898525
2	single.1	96747800.0	475	1.107744827272558
2	multi.12	11905400.0	475	9.001954995212257
3	single.1	94733600.0	475	1.1312973960664432
3	multi.12	11905800.0	475	9.001652555897126
4	single.1	95755400.0	475	1.1192253909440095
4	multi.12	11896900.0	475	9.00838663853609
5	single.1	96225200.0	475	1.1137610002369442
5	multi.12	31726900.0	475	3.37794978393729
6	single.1	94751800.0	475	1.1310800955760207
6	multi.12	11407900.0	475	9.39453142120811
7	single.1	95261500.0	475	1.125028211816946
7	multi.12	11407800.0	475	9.394613773032486
8	single.1	95261600.0	475	1.1250270308287915
8	multi.12	11905400.0	475	9.001954995212257
9	single.1	94763700.0	475	1.1309380596156544
9	multi.12	11903200.0	475	9.003618774783252
10	single.1	94270800.0	475	1.1368512307098275
10	multi.12	11902900.0	475	9.003845701467709
11	single.1	94765900.0	475	1.130911804773658
11	multi.12	11905500.0	475	9.001879383478224
12	single.1	95259100.0	475	1.1250565562765131
12	multi.12	32237800.0	475	3.324416523460038
13	single.1	95258800.0	475	1.125060099434383
13	multi.12	12399000.0	475	8.643590208887813
14	single.1	95242700.0	475	1.1252502816488823
14	multi.12	11394800.0	475	9.405331818022256
15	single.1	94763200.0	475	1.1309440267952116
15	multi.12	12895500.0	475	8.310796401845606
16	single.1	94764100.0	475	1.1309332859173464
16	multi.12	11389200.0	475	9.409956362167668
17	single.1	95233800.0	475	1.1253554410303905
17	multi.12	11903900.0	475	9.003089323667034
18	single.1	98219600.0	475	1.091145504563244
18	multi.12	14383700.0	475	7.450925353003747
19	single.1	97245700.0	475	1.1020731507922716
19	multi.12	11903700.0	475	9.003240589060544
0	single.1	109646200.0	500	1.1400303886500398
0	multi.12	13889600.0	500	8.999539223591752
1	single.1	109617600.0	500	1.140327830567354
1	multi.12	16366000.0	500	7.637785653183429
2	single.1	110632200.0	500	1.1298699655254076
2	multi.12	44142700.0	500	2.8317252909314563
3	single.1	117073600.0	500	1.0677044184171325
3	multi.12	12895100.0	500	9.693604547463766
4	single.1	111107400.0	500	1.1250375762550469
4	multi.12	13886000.0	500	9.001872389457008
5	single.1	109644900.0	500	1.1400439053708837
5	multi.12	12895200.0	500	9.69352937527142
6	single.1	110138900.0	500	1.1349305286324813
6	multi.12	12897400.0	500	9.691875881960705
7	single.1	109633700.0	500	1.1401603703970586
7	multi.12	17850900.0	500	7.002448055840322
8	single.1	110141800.0	500	1.134900646257824
8	multi.12	32239200.0	500	3.8772674259907194
9	single.1	110635600.0	500	1.1298352429055385
9	multi.12	13889800.0	500	8.9994096387277
10	single.1	112126300.0	500	1.1148142764008087
10	multi.12	12897500.0	500	9.691800736576855
11	single.1	110141100.0	500	1.1349078591007353
11	multi.12	12894800.0	500	9.693830071036388
12	single.1	109643200.0	500	1.14006158156639
12	multi.12	12867200.0	500	9.714623228052723
13	single.1	109147200.0	500	1.1452423882609906
13	multi.12	12896200.0	500	9.69277771746716
14	single.1	110634400.0	500	1.12984749770415
14	multi.12	12897700.0	500	9.691650449304914
15	single.1	111628200.0	500	1.1197887272212577
15	multi.12	12896000.0	500	9.692928039702233
16	single.1	111131800.0	500	1.1247905639969837
16	multi.12	12897500.0	500	9.691800736576855
17	single.1	110140300.0	500	1.1349161024620416
17	multi.12	13875500.0	500	9.008684371734352
18	single.1	109641600.0	500	1.140078218486414
18	multi.12	12895100.0	500	9.693604547463766
19	single.1	110138900.0	500	1.1349305286324813
19	multi.12	12894800.0	500	9.693830071036388
0	single.1	129485600.0	525	1.1175229137448488
0	multi.12	15873100.0	525	9.116248558882639
1	single.1	128982500.0	525	1.1218818444362608
1	multi.12	16366500.0	525	8.841421501237283
2	single.1	127968900.0	525	1.1307679053269974
2	multi.12	15855500.0	525	9.126367821891456
3	single.1	128489900.0	525	1.1261828750742275
3	multi.12	34211200.0	525	4.229700361285193
4	single.1	131467600.0	525	1.1006751853688665
4	multi.12	15357000.0	525	9.422616722016018
5	single.1	128487700.0	525	1.1262021578719208
5	multi.12	15871300.0	525	9.117282453233194
6	single.1	127978000.0	525	1.1306875009767303
6	multi.12	16355700.0	525	8.847259670940407
7	single.1	127966900.0	525	1.1307855781455987
7	multi.12	16367100.0	525	8.841097384386972
8	single.1	128493000.0	525	1.126155704980038
8	multi.12	16851700.0	525	8.586856222220904
9	single.1	128986800.0	525	1.1218444445478142
9	multi.12	15375400.0	525	9.411340517970265
10	single.1	130474800.0	525	1.1090503683469912
10	multi.12	15861500.0	525	9.122915550231694
11	single.1	129483100.0	525	1.1175444903620626
11	multi.12	16369100.0	525	8.840017166490522
12	single.1	127996000.0	525	1.1305284930779087
12	multi.12	15357600.0	525	9.42224859353024
13	single.1	128496600.0	525	1.126124154257778
13	multi.12	16363000.0	525	8.843312656603313
14	single.1	127992900.0	525	1.1305558745836684
14	multi.12	17358900.0	525	8.335961668078047
15	single.1	127995600.0	525	1.1305320261008973
15	multi.12	15375100.0	525	9.411524152688438
16	single.1	129481200.0	525	1.117560889148386
16	multi.12	15377700.0	525	9.40993288983398
17	single.1	128485500.0	525	1.1262214413299556
17	multi.12	15873600.0	525	9.1159614076202
18	single.1	127996200.0	525	1.1305267265746952
18	multi.12	16863700.0	525	8.580745921713502
19	single.1	128476800.0	525	1.1262977051109617
19	multi.12	38686700.0	525	3.7403842922761568
0	single.1	146847900.0	550	1.1329750033878592
0	multi.12	17857200.0	550	9.316970185695405
1	single.1	147336600.0	550	1.129217044508968
1	multi.12	18342600.0	550	9.070415317348685
2	single.1	146848000.0	550	1.1329742318587928
2	multi.12	18351500.0	550	9.066016401928998
3	single.1	157754700.0	550	1.0546436968280501
3	multi.12	17343600.0	550	9.592875758204755
4	single.1	146836000.0	550	1.1330668228499823
4	multi.12	18350000.0	550	9.06675749318801
5	single.1	146844100.0	550	1.1330043222710344
5	multi.12	17358100.0	550	9.584862398534401
6	single.1	146846000.0	550	1.1329896626397722
6	multi.12	17353200.0	550	9.587568863379666
7	single.1	147340000.0	550	1.1291909868331749
7	multi.12	19345400.0	550	8.600235714950324
8	single.1	149808500.0	550	1.1105845128947958
8	multi.12	18353200.0	550	9.065176644944751
9	single.1	146845400.0	550	1.1329942919560299
9	multi.12	19345200.0	550	8.600324628331576
10	single.1	146337200.0	550	1.136928955863581
10	multi.12	17840700.0	550	9.325587000510069
11	single.1	147338900.0	550	1.129199417126095
11	multi.12	17352800.0	550	9.587789866765018
12	single.1	147310000.0	550	1.1294209490190754
12	multi.12	17855400.0	550	9.317909427960169
13	single.1	150305900.0	550	1.1069093096145926
13	multi.12	17359300.0	550	9.58419982372561
14	single.1	147823200.0	550	1.1254999215278791
14	multi.12	17855000.0	550	9.318118174180901
15	single.1	147336600.0	550	1.129217044508968
15	multi.12	17854800.0	550	9.318222550798664
16	single.1	147835600.0	550	1.1254055180213698
16	multi.12	18846900.0	550	8.82771171916867
17	single.1	146845200.0	550	1.132995835069856
17	multi.12	17838700.0	550	9.326632546093606
18	single.1	146825000.0	550	1.1331517112208411
18	multi.12	54557600.0	550	3.0495293048081296
19	single.1	147807700.0	550	1.1256179481853787
19	multi.12	17361300.0	550	9.583095735918393
0	single.1	168174300.0	575	1.1304306008706444
0	multi.12	21808500.0	575	8.717214618153472
1	single.1	169645500.0	575	1.1206272786487115
1	multi.12	21329300.0	575	8.913062078924296
2	single.1	168639500.0	575	1.1273122548394652
2	multi.12	20833500.0	575	9.125176998584012
3	single.1	172144300.0	575	1.1043605568119303
3	multi.12	21327300.0	575	8.913897914879051
4	single.1	170155900.0	575	1.1172658426772155
4	multi.12	35713100.0	575	5.3232392315424875
5	single.1	168669300.0	575	1.1271130845980863
5	multi.12	22309800.0	575	8.521339276909698
6	single.1	168167700.0	575	1.1304749663579867
6	multi.12	21815700.0	575	8.714337610069812
7	single.1	168724700.0	575	1.1267430020619387
7	multi.12	21824100.0	575	8.71098349989232
8	single.1	170155600.0	575	1.1172678125198348
8	multi.12	22806900.0	575	8.335607864286684
9	single.1	169166500.0	575	1.123800368276225
9	multi.12	21823300.0	575	8.711302827711666
10	single.1	168171100.0	575	1.1304521109750725
10	multi.12	22815300.0	575	8.332538910292655
11	single.1	168659800.0	575	1.12717657082482
11	multi.12	21326400.0	575	8.914274092204966
12	single.1	171641000.0	575	1.1075988545860256
12	multi.12	33727100.0	575	5.636694972292311
13	single.1	169156700.0	575	1.1238654750299575
13	multi.12	22312200.0	575	8.520422683554289
14	single.1	169161700.0	575	1.123832256355901
14	multi.12	21329400.0	575	8.913020291241198
15	single.1	168639000.0	575	1.1273155972224693
15	multi.12	22319500.0	575	8.51763592374381
16	single.1	168173500.0	575	1.1304359783200089
16	multi.12	21326900.0	575	8.914065100881984
17	single.1	170651600.0	575	1.114020466259912
17	multi.12	21329400.0	575	8.913020291241198
18	single.1	170618000.0	575	1.1142398515983074
18	multi.12	20816600.0	575	9.132585292506942
19	single.1	168174000.0	575	1.1304326174081607
19	multi.12	22311100.0	575	8.520842764363927
0	single.1	190961300.0	600	1.1311192372485943
0	multi.12	22817100.0	600	9.466584272322073
1	single.1	194461100.0	600	1.1107619981579864
1	multi.12	22815000.0	600	9.467455621301776
2	single.1	190988500.0	600	1.1309581466946963
2	multi.12	22815900.0	600	9.46708216638397
3	single.1	190493100.0	600	1.1338993380862614
3	multi.12	21825700.0	600	9.896589800098049
4	single.1	191482600.0	600	1.1280398323398575
4	multi.12	22815700.0	600	9.467165153819519
5	single.1	192446600.0	600	1.1223892757783198
5	multi.12	21821500.0	600	9.89849460394565
6	single.1	190493300.0	600	1.1338981475988918
6	multi.12	37691300.0	600	5.730765455158087
7	single.1	190481200.0	600	1.1339701765843557
7	multi.12	23311000.0	600	9.266011754107502
8	single.1	190476100.0	600	1.1340005386502559
8	multi.12	22817100.0	600	9.466584272322073
9	single.1	193963000.0	600	1.1136144522408913
9	multi.12	21825500.0	600	9.89668048841951
10	single.1	192956700.0	600	1.1194221294207456
10	multi.12	22804000.0	600	9.472022452201369
11	single.1	190974400.0	600	1.1310416474668856
11	multi.12	21805600.0	600	9.905712294089591
12	single.1	190990200.0	600	1.130948080058558
12	multi.12	22817400.0	600	9.466459806989404
13	single.1	190492400.0	600	1.1339035048117405
13	multi.12	22293900.0	600	9.688748940293085
14	single.1	191939000.0	600	1.1253575354669973
14	multi.12	21822500.0	600	9.898041012716233
15	single.1	192447000.0	600	1.1223869428985642
15	multi.12	23313000.0	600	9.265216831810578
16	single.1	190490000.0	600	1.1339177909601554
16	multi.12	22815700.0	600	9.467165153819519
17	single.1	193963900.0	600	1.1136092850267498
17	multi.12	37696100.0	600	5.730035733139503
18	single.1	194460400.0	600	1.1107659965730812
18	multi.12	22817300.0	600	9.46650129506997
19	single.1	190463100.0	600	1.1340779395063927
19	multi.12	23807700.0	600	9.072694968434583
0	single.1	219234700.0	625	1.1136039367855546
0	multi.12	30751300.0	625	7.939196879481518
1	single.1	219258900.0	625	1.1134810263118167
1	multi.12	28769200.0	625	8.486180533348165
2	single.1	216779000.0	625	1.1262189833886123
2	multi.12	27777000.0	625	8.789308600640817
3	single.1	215792100.0	625	1.131369614550301
3	multi.12	28762200.0	625	8.488245857410073
4	single.1	219756900.0	625	1.1109577219190843
4	multi.12	27775600.0	625	8.789751616526736
5	single.1	223696900.0	625	1.0913902919530847
5	multi.12	28762800.0	625	8.488068790242952
6	single.1	217274400.0	625	1.1236511296314706
6	multi.12	28272200.0	625	8.635360000282963
7	single.1	227679800.0	625	1.0722981353637873
7	multi.12	28764200.0	625	8.487655662246821
8	single.1	220749300.0	625	1.1059633031678924
8	multi.12	27777300.0	625	8.789213674475201
9	single.1	216751800.0	625	1.1263603116560048
9	multi.12	28769200.0	625	8.486180533348165
10	single.1	215247800.0	625	1.1342305240750428
10	multi.12	28773700.0	625	8.484853355668545
11	single.1	215775200.0	625	1.131458225968508
11	multi.12	28765700.0	625	8.487213069732356
12	single.1	219260200.0	625	1.1134744244509491
12	multi.12	27273400.0	625	8.951602110481275
13	single.1	216751900.0	625	1.1263597920018233
13	multi.12	28271000.0	625	8.63572653956351
14	single.1	218255100.0	625	1.11860215408483
14	multi.12	28273500.0	625	8.63496295117336
15	single.1	216255600.0	625	1.1289447533381793
15	multi.12	29265000.0	625	8.342409875277635
16	single.1	219757000.0	625	1.1109572163799106
16	multi.12	54544300.0	625	4.476006200464576
17	single.1	215782500.0	625	1.1314199483275984
17	multi.12	28767100.0	625	8.486800025028591
18	single.1	216248200.0	625	1.1289833857576619
18	multi.12	27775900.0	625	8.789656680791621
19	single.1	219753400.0	625	1.1109754160800243
19	multi.12	28750600.0	625	8.491670608613385
0	single.1	244525800.0	650	1.1230921236123141
0	multi.12	33224400.0	650	8.265762511888854
1	single.1	243069000.0	650	1.1298232189213762
1	multi.12	33729400.0	650	8.142006676667833
2	single.1	243537300.0	650	1.1276506719915182
2	multi.12	32241300.0	650	8.517801701544293
3	single.1	255460500.0	650	1.0750194257037782
3	multi.12	31734400.0	650	8.653858273671473
4	single.1	242571000.0	650	1.1321427540802487
4	multi.12	32241300.0	650	8.517801701544293
5	single.1	242575700.0	650	1.132120818367215
5	multi.12	31735800.0	650	8.65347651548094
6	single.1	245547300.0	650	1.1184199541188196
6	multi.12	31247000.0	650	8.788843728997984
7	single.1	242574500.0	650	1.1321264188939892
7	multi.12	31742800.0	650	8.651568229645777
8	single.1	243563500.0	650	1.127529371190675
8	multi.12	31739800.0	650	8.652385963364608
9	single.1	245544400.0	650	1.1184331632079576
9	multi.12	46623300.0	650	5.890295195749765
10	single.1	241578600.0	650	1.13679357360296
10	multi.12	33726900.0	650	8.14261020135263
11	single.1	242574600.0	650	1.1321259521813083
11	multi.12	32725700.0	650	8.391722713341503
12	single.1	242567600.0	650	1.13215862299829
12	multi.12	76385300.0	650	3.5952598209341327
13	single.1	269847700.0	650	1.0177036898961895
13	multi.12	63485700.0	650	4.325777301029996
14	single.1	250009700.0	650	1.0984573798536617
14	multi.12	31742900.0	650	8.651540974517136
15	single.1	245044000.0	650	1.120717095705261
15	multi.12	55518300.0	650	4.946567167942822
16	single.1	243068500.0	650	1.1298255430053668
16	multi.12	31734600.0	650	8.653803734724875
17	single.1	243564400.0	650	1.12752520483289
17	multi.12	31249300.0	650	8.788196855609566
18	single.1	242571900.0	650	1.1321385535587594
18	multi.12	32232300.0	650	8.520180067820167
19	single.1	244556000.0	650	1.1229534339783118
19	multi.12	51079600.0	650	5.376412501272523
0	single.1	291677400.0	675	1.0544076263707782
0	multi.12	67951900.0	675	4.525949605529794
1	single.1	291150500.0	675	1.056315805743078
1	multi.12	66465400.0	675	4.627172558955486
2	single.1	304062500.0	675	1.011459403905447
2	multi.12	57039200.0	675	5.391851130450638
3	single.1	289195200.0	675	1.0634577441119355
3	multi.12	69937100.0	675	4.397478234013135
4	single.1	291179900.0	675	1.0562091511124223
4	multi.12	76385000.0	675	4.026273155724291
5	single.1	289183000.0	675	1.0635026090745308
5	multi.12	67455100.0	675	4.559282767351912
6	single.1	286221400.0	675	1.074506920167395
6	multi.12	66959100.0	675	4.593055686232342
7	single.1	294650500.0	675	1.0437683798262687
7	multi.12	60498200.0	675	5.083570668218228
8	single.1	290173500.0	675	1.0598723694617187
8	multi.12	68440300.0	675	4.493651766576125
9	single.1	307027200.0	675	1.0016926024795196
9	multi.12	65966700.0	675	4.662153404672358
10	single.1	287186300.0	675	1.070896748904805
10	multi.12	38685400.0	675	7.949946879184395
11	single.1	299111000.0	675	1.0282031586935954
11	multi.12	67454800.0	675	4.559303044408997
12	single.1	292667500.0	675	1.0508405443036894
12	multi.12	68447200.0	675	4.493198772192288
13	single.1	290674700.0	675	1.0580448694021185
13	multi.12	67455200.0	675	4.559276008372964
14	single.1	292169700.0	675	1.052630970973376
14	multi.12	68449400.0	675	4.493054358401973
15	single.1	300106700.0	675	1.0247917657286558
15	multi.12	63971500.0	675	4.8075607887887575
16	single.1	273813000.0	675	1.123200414151264
16	multi.12	65969200.0	675	4.661976725502204
17	single.1	279771600.0	675	1.0992783935181412
17	multi.12	65471700.0	675	4.697401701803986
18	single.1	276299700.0	675	1.1130915994479906
18	multi.12	66948700.0	675	4.5937691844651205
19	single.1	271339300.0	675	1.1334402167323347
19	multi.12	67457400.0	675	4.559127315906038
0	single.1	306061600.0	700	1.1206894298402674
0	multi.12	67953200.0	700	5.04759157773291
1	single.1	302087000.0	700	1.1354344940364862
1	multi.12	68945400.0	700	4.974951193263075
2	single.1	303549300.0	700	1.129964720722466
2	multi.12	65966500.0	700	5.199608892392351
3	single.1	304073800.0	700	1.1280156330469775
3	multi.12	68928200.0	700	4.976192617825506
4	single.1	302090500.0	700	1.1354213389696135
4	multi.12	68939100.0	700	4.975405829202876
5	single.1	308042200.0	700	1.1134838018946756
5	multi.12	68447000.0	700	5.011176530746417
6	single.1	303579400.0	700	1.1298526843389243
6	multi.12	67454800.0	700	5.08488647212652
7	single.1	307551700.0	700	1.1152596457766288
7	multi.12	66465400.0	700	5.160579790387179
8	single.1	303084600.0	700	1.131697222491674
8	multi.12	67951000.0	700	5.0477549999264175
9	single.1	307546800.0	700	1.1152774146894067
9	multi.12	63983000.0	700	5.360798962224341
10	single.1	307051100.0	700	1.1170779065764624
10	multi.12	68945300.0	700	4.974958409057615
11	single.1	303578600.0	700	1.1298556617627198
11	multi.12	68439000.0	700	5.011762299273806
12	single.1	305067100.0	700	1.1243428085165525
12	multi.12	67953100.0	700	5.047599005784872
13	single.1	302053300.0	700	1.1355611741371474
13	multi.12	68435500.0	700	5.012018616069145
14	single.1	303551400.0	700	1.1299569035095869
14	multi.12	70929600.0	700	4.83578083057003
15	single.1	304078400.0	700	1.1279985687901541
15	multi.12	67454800.0	700	5.08488647212652
16	single.1	302587900.0	700	1.1335549108209548
16	multi.12	61495600.0	700	5.5776348226539785
17	single.1	309030700.0	700	1.1099220886468562
17	multi.12	67453600.0	700	5.084976932291235
18	single.1	303084300.0	700	1.1316983426723193
18	multi.12	68944000.0	700	4.975052216291483
19	single.1	306059700.0	700	1.1206963870120763
19	multi.12	72908200.0	700	4.704546265029173
0	single.1	337807200.0	725	1.1280935545482749
0	multi.12	72911200.0	725	5.22660613184257
1	single.1	343728800.0	725	1.1086592831325162
1	multi.12	79344800.0	725	4.8028115894173276
2	single.1	338299300.0	725	1.1264525968572798
2	multi.12	78865100.0	725	4.83202487538848
3	single.1	338619000.0	725	1.125389080352845
3	multi.12	78859900.0	725	4.832343497772632
4	single.1	338300700.0	725	1.1264479352244912
4	multi.12	79347900.0	725	4.802623950980429
5	single.1	337306800.0	725	1.1297670992698636
5	multi.12	74398900.0	725	5.122093539017378
6	single.1	342752900.0	725	1.1118159029434909
6	multi.12	75887600.0	725	5.021612555937993
7	single.1	338794000.0	725	1.1248077740455853
7	multi.12	72913200.0	725	5.226462766686965
8	single.1	340780400.0	725	1.1182512990770597
8	multi.12	79358800.0	725	4.801964306415924
9	single.1	337805600.0	725	1.128098897709215
9	multi.12	77377200.0	725	4.924940744818887
10	single.1	341276800.0	725	1.1166247603118642
10	multi.12	79338600.0	725	4.803186910280746
11	single.1	338796500.0	725	1.1247994740205403
11	multi.12	79839700.0	725	4.773040542487008
12	single.1	339781400.0	725	1.1215390983732483
12	multi.12	78862600.0	725	4.832178053982497
13	single.1	338784300.0	725	1.1248399793024648
13	multi.12	73403200.0	725	5.191573732480328
14	single.1	337307900.0	725	1.1297634149689348
14	multi.12	78865500.0	725	4.832000367714653
15	single.1	359131600.0	725	1.0611099802969162
15	multi.12	77873100.0	725	4.893578462909528
16	single.1	337804600.0	725	1.1281022372105056
16	multi.12	78359900.0	725	4.863177786087016
17	single.1	341248100.0	725	1.1167186718402242
17	multi.12	78367600.0	725	4.862699955083478
18	single.1	338299400.0	725	1.1264522638822299
18	multi.12	77871300.0	725	4.893691578283655
19	single.1	343233300.0	725	1.110259770832259
19	multi.12	95228400.0	725	4.0017276883786765
0	single.1	378479300.0	750	1.1146580539543378
0	multi.12	97217300.0	750	4.339505417245696
1	single.1	375497400.0	750	1.123509776632275
1	multi.12	96701100.0	750	4.36267012474522
2	single.1	393360000.0	750	1.0724908480780964
2	multi.12	82335400.0	750	5.123859239160798
3	single.1	374509600.0	750	1.1264731264565715
3	multi.12	97713400.0	750	4.317473345518629
4	single.1	380451400.0	750	1.1088801355442508
4	multi.12	92257200.0	750	4.572813829164553
5	single.1	374506700.0	750	1.12648184932339
5	multi.12	101168500.0	750	4.170023277996609
6	single.1	379439100.0	750	1.1118385005657034
6	multi.12	98703000.0	750	4.274186194948482
7	single.1	374507000.0	750	1.1264809469515924
7	multi.12	97691900.0	750	4.318423533578526
8	single.1	379470100.0	750	1.111747671292152
8	multi.12	89281400.0	750	4.725228323032569
9	single.1	376495700.0	750	1.1205307258489274
9	multi.12	86801400.0	750	4.860232669058333
10	single.1	380431700.0	750	1.1089375569911761
10	multi.12	96721300.0	750	4.361758992073101
11	single.1	375471100.0	750	1.123588473254
11	multi.12	89266300.0	750	4.726027627447312
12	single.1	379468600.0	750	1.1117520659153353
12	multi.12	91263100.0	750	4.622624039726899
13	single.1	373517900.0	750	1.129463942691903
13	multi.12	102670900.0	750	4.109002648267425
14	single.1	375997200.0	750	1.1220163341641907
14	multi.12	97706900.0	750	4.317760567575064
15	single.1	373515900.0	750	1.129469990434142
15	multi.12	94735000.0	750	4.453211590225365
16	single.1	373985700.0	750	1.1280511527579797
16	multi.12	100679200.0	750	4.190289553353622
17	single.1	373021700.0	750	1.1309663754146206
17	multi.12	106145300.0	750	3.9745047590425577
18	single.1	373999700.0	750	1.1280089262103685
18	multi.12	89777400.0	750	4.699122496307534
19	single.1	375004100.0	750	1.1249877001344786
19	multi.12	84319100.0	750	5.003314788701492
